condition,seed,generation,best_fitness,mean_fitness
crossover,1000,0,149.09902950200083,18.149045129792754
crossover,1000,1,150.69661719477776,36.55254265486999
crossover,1000,2,176.06751600708483,37.940697263680235
crossover,1000,3,222.5593866394897,61.592810111747156
crossover,1000,4,355.543219028319,97.62885755763232
crossover,1000,5,363.4346804612255,110.30310605672156
crossover,1000,6,406.25355694815613,171.2482721575634
crossover,1000,7,406.25355694815613,214.0215994178975
crossover,1000,8,406.25355694815613,180.57830651046962
crossover,1000,9,406.25355694815613,204.6796598442774
crossover,1000,10,5083.319318289457,339.9503285772854
crossover,1000,11,5083.319318289457,323.1399908299975
crossover,1000,12,5083.319318289457,323.72167114646965
crossover,1000,13,5083.319318289457,478.1799869926715
crossover,1000,14,5083.319318289457,478.3811308094181
crossover,1000,15,5083.319318289457,518.9308151750918
crossover,1000,16,5097.219539038303,948.0145805444267
crossover,1000,17,5175.021578170922,1541.1741320366311
crossover,1000,18,5183.665921266875,2437.6042985579784
crossover,1000,19,5183.665921266875,2956.1875775700855
crossover,1001,0,98.12296164642892,2.832041216916437
crossover,1001,1,135.35181591676644,27.356781515680524
crossover,1001,2,135.35181591676644,40.77627138021001
crossover,1001,3,146.87351566846203,68.05639815578589
crossover,1001,4,336.6068648707826,74.0336945198701
crossover,1001,5,336.6068648707826,74.28066003723511
crossover,1001,6,370.8329133776696,80.169864490101
crossover,1001,7,370.8329133776696,104.56162080664217
crossover,1001,8,377.4321569785823,97.88840527034161
crossover,1001,9,380.3077040688706,121.42177007267632
crossover,1001,10,380.3077040688706,81.88168308869697
crossover,1001,11,380.3077040688706,131.65975596379607
crossover,1001,12,392.1234896383009,158.31932580814748
crossover,1001,13,404.42328933467337,216.82346468474452
crossover,1001,14,404.42328933467337,248.7590514174032
crossover,1001,15,404.42328933467337,266.89391306336887
crossover,1001,16,404.42328933467337,259.67697066961654
crossover,1001,17,404.42328933467337,297.0546000059954
crossover,1001,18,5015.268299664713,367.79742430663265
crossover,1001,19,5080.653397351894,541.922734888024
crossover,1002,0,140.59751364495824,7.7252304777829055
crossover,1002,1,145.78513243008678,26.764687924252176
crossover,1002,2,176.11030664879178,41.67811487308147
crossover,1002,3,176.11030664879178,44.042721368442706
crossover,1002,4,334.94448559184013,49.00059033757358
crossover,1002,5,334.94448559184013,72.27142996036712
crossover,1002,6,337.8091259841363,81.79594326755004
crossover,1002,7,348.2790059176965,143.87159197822152
crossover,1002,8,349.6540791495591,242.29814095001385
crossover,1002,9,370.9096187270124,164.90852570494482
crossover,1002,10,370.9096187270124,152.93115414005536
crossover,1002,11,396.6833412323702,203.79716067447515
crossover,1002,12,396.6833412323702,211.7548195018482
crossover,1002,13,480.7001245253819,213.53381710145933
crossover,1002,14,822.0564107027168,245.6318413345324
crossover,1002,15,825.4246652829377,304.90748520261536
crossover,1002,16,825.4246652829377,372.15926350256444
crossover,1002,17,4983.184847204993,510.50875212456657
crossover,1002,18,4983.184847204993,568.0449675789687
crossover,1002,19,4999.224045920462,815.6818061754321
crossover,1003,0,184.5693601927014,6.022954432768124
crossover,1003,1,371.56124328330077,35.35861989995815
crossover,1003,2,371.56124328330077,54.979560672784224
crossover,1003,3,371.84061892846535,87.69874865929654
crossover,1003,4,377.84100015516526,150.40703630591995
crossover,1003,5,381.58117121380496,162.52657709041625
crossover,1003,6,450.97785975697826,284.0618463866135
crossover,1003,7,450.97785975697826,156.48742121634226
crossover,1003,8,450.97785975697826,221.99240880875317
crossover,1003,9,450.97785975697826,200.49364432916516
crossover,1003,10,2499.8172097545353,306.29047149077786
crossover,1003,11,2499.8172097545353,286.63028316219527
crossover,1003,12,2499.8172097545353,368.0404411590045
crossover,1003,13,2687.9755164796206,504.5985650170285
crossover,1003,14,2687.9755164796206,601.4531300458306
crossover,1003,15,2728.8830131189143,766.7793159268523
crossover,1003,16,3547.911370082214,991.9981382149184
crossover,1003,17,3547.911370082214,1158.9440942177728
crossover,1003,18,3547.911370082214,746.9630939353045
crossover,1003,19,3547.911370082214,638.5658165368424
crossover,1004,0,63.73550642579251,0.786045685974856
crossover,1004,1,344.4411768431847,29.48296845339268
crossover,1004,2,359.79518060391507,54.27923900399363
crossover,1004,3,359.79518060391507,60.85384245208115
crossover,1004,4,386.5660910787492,84.89974932833482
crossover,1004,5,397.08035483924976,158.9465070997506
crossover,1004,6,4955.8043457325575,325.3161371565732
crossover,1004,7,5043.826543850406,673.0266652003327
crossover,1004,8,5156.9001235356345,1435.4532288237262
crossover,1004,9,5156.9001235356345,1575.9405775841115
crossover,1004,10,5173.56063054379,2397.4457276367766
crossover,1004,11,5173.56063054379,2072.4362256291956
crossover,1004,12,5175.946388469835,2983.7011062794895
crossover,1004,13,5175.946388469835,2693.5405404273747
crossover,1004,14,5178.779322780526,2217.241183052451
crossover,1004,15,5180.061504343942,2332.6855627333057
crossover,1004,16,5184.420611635091,2772.8351800859878
crossover,1004,17,5184.420611635091,2128.959965755011
crossover,1004,18,5188.8693935717865,2791.0238492417966
crossover,1004,19,5196.8131112925885,1751.244949570781
crossover,1005,0,92.41542616466617,-1.2059168474140856
crossover,1005,1,92.52303762107492,18.640734574395154
crossover,1005,2,140.5164078281043,36.208058870892614
crossover,1005,3,230.2913718652257,71.67958294447023
crossover,1005,4,230.2913718652257,44.69180079790691
crossover,1005,5,230.2913718652257,55.152854220346526
crossover,1005,6,402.51965112562596,63.63487906807335
crossover,1005,7,404.2006580015875,78.58787586524286
crossover,1005,8,407.31008506303704,152.69399049719206
crossover,1005,9,409.4059579695186,239.06653402375548
crossover,1005,10,409.4059579695186,303.91450816928887
crossover,1005,11,410.61890443429843,313.8423386862341
crossover,1005,12,410.61890443429843,252.5690209722287
crossover,1005,13,410.61890443429843,288.4923227772132
crossover,1005,14,411.7460570243287,305.12861462121043
crossover,1005,15,414.2122316882617,316.5375660125305
crossover,1005,16,414.8045453571794,313.4621145198554
crossover,1005,17,414.8045453571794,342.5638633125706
crossover,1005,18,416.31951073907,338.2933540245355
crossover,1005,19,416.31951073907,285.308764065872
crossover,1006,0,145.20037682318787,8.4000713364798
crossover,1006,1,145.20037682318787,33.478178251957274
crossover,1006,2,1221.2713347460183,87.59283185248233
crossover,1006,3,1221.2713347460183,115.5706199690211
crossover,1006,4,1221.2713347460183,199.46955733865678
crossover,1006,5,3592.6370642889196,318.88156869191505
crossover,1006,6,5102.3684700427775,681.1402496751655
crossover,1006,7,5102.3684700427775,569.6447505130672
crossover,1006,8,5102.3684700427775,1001.0874855668475
crossover,1006,9,5102.3684700427775,1127.446852365358
crossover,1006,10,5126.36198179456,1819.3343385566804
crossover,1006,11,5141.672081545195,2184.09252970655
crossover,1006,12,5141.672081545195,2418.336332997392
crossover,1006,13,5148.499470772989,2030.492454472746
crossover,1006,14,5148.499470772989,2012.8082683431708
crossover,1006,15,5148.499470772989,2667.8792178289436
crossover,1006,16,5152.460910475337,2456.4285313175465
crossover,1006,17,5152.460910475337,1733.2179328322768
crossover,1006,18,5153.717358231388,1967.2643193886254
crossover,1006,19,5158.007165165035,2802.2309891977634
crossover,1007,0,147.16752786664983,4.011011856228874
crossover,1007,1,336.0774320078573,33.06833303877476
crossover,1007,2,336.0774320078573,48.93514757322488
crossover,1007,3,342.11323129820084,72.06269011478845
crossover,1007,4,377.5387658796939,80.36276304989727
crossover,1007,5,377.5387658796939,104.72484023416798
crossover,1007,6,830.4573433206665,211.8089353775239
crossover,1007,7,830.4573433206665,325.08909888066677
crossover,1007,8,830.4573433206665,446.1100367119835
crossover,1007,9,837.2935236026502,403.8058521153047
crossover,1007,10,4943.777047486526,565.6310250702626
crossover,1007,11,5004.809350996052,836.777691112934
crossover,1007,12,5008.900030598355,918.8255659273763
crossover,1007,13,5008.900030598355,1176.6788700603545
crossover,1007,14,5008.900030598355,1108.5636888150275
crossover,1007,15,5008.900030598355,1302.3566273229062
crossover,1007,16,5013.972805531141,1448.8990814480476
crossover,1007,17,5013.972805531141,1281.9879527535393
crossover,1007,18,5013.972805531141,1089.7134870218542
crossover,1007,19,5013.972805531141,1592.8535220255185
crossover,1008,0,40.00056743064753,-6.98961517632631
crossover,1008,1,117.11762141565727,4.271895231903844
crossover,1008,2,117.11762141565727,17.476109870847868
crossover,1008,3,137.13517006456706,35.322789786919316
crossover,1008,4,140.33328334640592,43.72723240519749
crossover,1008,5,184.39523720780187,62.59186730380565
crossover,1008,6,184.39523720780187,67.51384574445851
crossover,1008,7,381.1597120466267,104.27454411082776
crossover,1008,8,381.1597120466267,154.40393544284956
crossover,1008,9,401.8959898277742,178.1056309176993
crossover,1008,10,3106.157742534062,326.5059761440173
crossover,1008,11,3106.157742534062,278.7428240127604
crossover,1008,12,3106.157742534062,301.63551052101553
crossover,1008,13,3106.157742534062,331.2961041385997
crossover,1008,14,3106.157742534062,386.66615297765975
crossover,1008,15,3106.157742534062,361.41704902221596
crossover,1008,16,3106.157742534062,387.50211099270405
crossover,1008,17,3106.157742534062,599.1222725742897
crossover,1008,18,4990.660972494579,832.8771223479827
crossover,1008,19,5004.367799483979,947.4123708425584
crossover,1009,0,142.89788379792833,6.398600676240179
crossover,1009,1,144.399272903513,24.840138612714
crossover,1009,2,366.1712596836545,36.95591141008686
crossover,1009,3,366.1712596836545,52.93063407677549
crossover,1009,4,366.1712596836545,55.46077293089855
crossover,1009,5,366.1712596836545,52.853132002924916
crossover,1009,6,378.59697769286686,76.74448385513573
crossover,1009,7,380.84219224232913,129.36342606668072
crossover,1009,8,389.4220653057125,134.14434500113177
crossover,1009,9,444.1853087185897,231.9797110683498
crossover,1009,10,444.1853087185897,283.9419790390785
crossover,1009,11,827.0801522622501,368.36713795596705
crossover,1009,12,827.0801522622501,330.38785732147215
crossover,1009,13,4978.684723940791,529.383804168207
crossover,1009,14,4978.684723940791,655.8014806849437
crossover,1009,15,4979.469023159777,1092.520314319318
crossover,1009,16,5000.480880847928,1071.6461535751494
crossover,1009,17,5039.475793800657,1313.4797764922412
crossover,1009,18,5039.475793800657,957.5790129024673
crossover,1009,19,5039.475793800657,943.6544183487078
crossover,1010,0,41.46173209276969,1.0031339374037993
crossover,1010,1,99.30081372814126,19.99159552314157
crossover,1010,2,119.87052607437504,12.647542620501703
crossover,1010,3,122.5473952465359,30.42123648699231
crossover,1010,4,146.8228218951123,44.09946758098549
crossover,1010,5,344.48693928802845,65.24790877478351
crossover,1010,6,396.94823801924866,77.88456095642547
crossover,1010,7,396.94823801924866,106.49492999584669
crossover,1010,8,396.94823801924866,119.559548973936
crossover,1010,9,442.09629810647886,115.83784532601815
crossover,1010,10,442.09629810647886,85.5628682904894
crossover,1010,11,442.09629810647886,95.29941024494363
crossover,1010,12,4965.810002495449,307.3652050756437
crossover,1010,13,4965.810002495449,340.79987484015624
crossover,1010,14,4965.810002495449,499.0908686698173
crossover,1010,15,4965.810002495449,607.240657155176
crossover,1010,16,4965.810002495449,806.3503012965444
crossover,1010,17,4975.94678351698,1202.9194815636818
crossover,1010,18,5002.638026208128,1869.951615855046
crossover,1010,19,5036.793240656649,1356.7689598176887
crossover,1011,0,117.94634149444701,0.8782630148880423
crossover,1011,1,117.94634149444701,12.106980586398697
crossover,1011,2,117.94634149444701,26.67996818018678
crossover,1011,3,358.725119256291,45.608540626881336
crossover,1011,4,358.725119256291,51.36113103151332
crossover,1011,5,358.725119256291,75.7588628391278
crossover,1011,6,2661.2508389365653,161.63309203988078
crossover,1011,7,2815.3182170546143,359.86825922589503
crossover,1011,8,2815.3182170546143,393.76485251550065
crossover,1011,9,2918.352550737726,837.2512741175024
crossover,1011,10,3167.056452515251,899.6999139294165
crossover,1011,11,3167.056452515251,873.9993600880181
crossover,1011,12,3321.529359857807,1236.795412908991
crossover,1011,13,3832.437312487377,1159.6195614801725
crossover,1011,14,3832.437312487377,1124.395647954003
crossover,1011,15,3832.437312487377,1079.150940784442
crossover,1011,16,3890.4619115745777,1644.395845382458
crossover,1011,17,3890.4619115745777,1240.2605844334819
crossover,1011,18,3890.4619115745777,1687.8418085398446
crossover,1011,19,4944.822753031296,1878.0435567774302
crossover,1012,0,20.19917561574233,-1.5821630161488915
crossover,1012,1,62.38623191006156,19.085299571417618
crossover,1012,2,146.30845427865023,21.928046061425583
crossover,1012,3,229.16809221629669,36.534394433172544
crossover,1012,4,229.16809221629669,55.31776132543082
crossover,1012,5,230.4295564167402,71.84488375714947
crossover,1012,6,230.4295564167402,103.48515534206763
crossover,1012,7,260.67307527337954,130.71175252114665
crossover,1012,8,260.67307527337954,162.63453701841507
crossover,1012,9,390.696020517169,160.03029021827723
crossover,1012,10,391.595007822996,165.00414738199333
crossover,1012,11,603.0298586069645,201.73510873482604
crossover,1012,12,5094.694555707743,479.54552418670346
crossover,1012,13,5151.730118137033,1021.7950079184759
crossover,1012,14,5192.527837282901,1475.6853843258098
crossover,1012,15,5192.527837282901,1540.5682858408193
crossover,1012,16,5192.527837282901,1065.5764173697214
crossover,1012,17,5192.527837282901,1687.3620036766583
crossover,1012,18,5192.527837282901,1575.1351846659525
crossover,1012,19,5192.527837282901,1980.0383751591876
crossover,1013,0,345.2621385638691,18.90953857383541
crossover,1013,1,345.2621385638691,36.57191704775114
crossover,1013,2,346.9370110014455,46.175378638929374
crossover,1013,3,5019.152372131961,285.3887030845146
crossover,1013,4,5019.152372131961,613.3838127285081
crossover,1013,5,5025.978020827659,988.9856566197102
crossover,1013,6,5079.3040108498835,1711.3164001004234
crossover,1013,7,5083.6877210802795,1943.056797844132
crossover,1013,8,5083.6877210802795,1555.5715585879611
crossover,1013,9,5083.6877210802795,2062.1411597832716
crossover,1013,10,5110.147554526019,2028.0471388455812
crossover,1013,11,5110.147554526019,2223.4111072532364
crossover,1013,12,5110.147554526019,2312.7779286896234
crossover,1013,13,5110.147554526019,1942.6353211681583
crossover,1013,14,5118.930621573733,2491.2117691059316
crossover,1013,15,5156.990876343513,2659.8977254779093
crossover,1013,16,5156.990876343513,2483.947184515159
crossover,1013,17,5176.877633103814,2691.5716989755597
crossover,1013,18,5176.877633103814,3029.062597705067
crossover,1013,19,5176.877633103814,1898.388355294506
crossover,1014,0,381.52011347594487,11.656091864889051
crossover,1014,1,381.52011347594487,28.832582160909375
crossover,1014,2,391.5976282145478,53.78148445953698
crossover,1014,3,391.5976282145478,100.34814579249021
crossover,1014,4,4998.664534953814,492.2966545970333
crossover,1014,5,5093.782884758288,998.9956980307397
crossover,1014,6,5093.782884758288,804.0312011048128
crossover,1014,7,5093.782884758288,1033.5967003949868
crossover,1014,8,5093.782884758288,920.6338345478003
crossover,1014,9,5093.782884758288,1819.985462642674
crossover,1014,10,5093.782884758288,1018.990427998149
crossover,1014,11,5093.782884758288,1121.6958700033995
crossover,1014,12,5147.069513574159,1555.9038358527846
crossover,1014,13,5147.069513574159,1596.955952980679
crossover,1014,14,5166.000611345165,1640.5512211786886
crossover,1014,15,5166.000611345165,1652.022162717989
crossover,1014,16,5166.000611345165,1600.820599952387
crossover,1014,17,5166.000611345165,2297.3956232762184
crossover,1014,18,5166.000611345165,2152.514329102247
crossover,1014,19,5167.004115606977,1438.3153816144597
crossover,1015,0,57.24711530640658,4.205122159629603
crossover,1015,1,64.4403829823661,10.368000206262622
crossover,1015,2,489.3018453623216,48.78892940373849
crossover,1015,3,492.16795075207165,67.96113255019687
crossover,1015,4,492.16795075207165,75.25226379686983
crossover,1015,5,492.16795075207165,177.76186191775517
crossover,1015,6,4936.308959371493,428.86426029559766
crossover,1015,7,4970.861799496162,847.20677947788
crossover,1015,8,4970.861799496162,770.86127431056
crossover,1015,9,4971.1078904709775,1213.8984881038514
crossover,1015,10,5004.948614215431,1098.8977928366528
crossover,1015,11,5004.948614215431,1113.4372148909943
crossover,1015,12,5067.429312724054,1862.5508842884367
crossover,1015,13,5067.429312724054,1275.8590273100747
crossover,1015,14,5067.429312724054,1562.9975300991366
crossover,1015,15,5067.429312724054,1576.4227566358368
crossover,1015,16,5067.429312724054,1919.1159004582642
crossover,1015,17,5072.783024815193,1694.68620208321
crossover,1015,18,5072.817578567263,1857.7415457031711
crossover,1015,19,5073.893925601795,2165.940200639322
crossover,1016,0,146.54802468761469,6.906542903991828
crossover,1016,1,148.07849232765497,41.262226371133224
crossover,1016,2,149.63819544855613,42.18517186317054
crossover,1016,3,353.72833685706865,47.487479075367105
crossover,1016,4,355.12166407219365,73.57889159351049
crossover,1016,5,355.12166407219365,107.87770944500399
crossover,1016,6,388.23386447948656,108.31350270543679
crossover,1016,7,401.0208980579929,151.84400560790343
crossover,1016,8,401.0208980579929,139.15640429034048
crossover,1016,9,401.0208980579929,137.99986159424427
crossover,1016,10,2246.180324458848,210.1732295683027
crossover,1016,11,2246.180324458848,228.64411620061347
crossover,1016,12,2246.180324458848,261.4162065055929
crossover,1016,13,2246.180324458848,285.6575853674647
crossover,1016,14,4931.9373766772205,509.65797411298803
crossover,1016,15,4931.9373766772205,702.0795250537418
crossover,1016,16,4931.9373766772205,1015.3516472300275
crossover,1016,17,4963.443771474858,1459.342545678395
crossover,1016,18,5017.533333744999,1997.2622489617556
crossover,1016,19,5017.533333744999,1713.473523360429
crossover,1017,0,139.93804314932595,10.203781870849365
crossover,1017,1,139.93804314932595,21.32318930509335
crossover,1017,2,497.94147191491805,64.26589319112583
crossover,1017,3,500.1515461017862,88.53806927499888
crossover,1017,4,500.1515461017862,111.3424452643221
crossover,1017,5,4022.520714379293,244.62131976123933
crossover,1017,6,4022.520714379293,306.50906948870664
crossover,1017,7,5091.035942588811,659.5289080460666
crossover,1017,8,5108.353882938332,1134.8638209431456
crossover,1017,9,5126.462423144937,2226.411378514911
crossover,1017,10,5150.554698879591,2900.9087300979463
crossover,1017,11,5199.221460687661,2434.5662025134143
crossover,1017,12,5199.221460687661,2649.254661241326
crossover,1017,13,5199.221460687661,2866.3437125201403
crossover,1017,14,5221.8344735682085,2666.76656983014
crossover,1017,15,5238.3316658117,2549.2337018376415
crossover,1017,16,5275.561778794803,2921.529594268244
crossover,1017,17,5275.561778794803,2511.6209764988407
crossover,1017,18,5290.787795576429,3152.117134540859
crossover,1017,19,5290.787795576429,2728.8237815533603
crossover,1018,0,117.58588069143656,3.245517654779124
crossover,1018,1,120.82212152715607,14.636188362842583
crossover,1018,2,205.15738972170558,42.793783224920254
crossover,1018,3,293.55777405883117,63.395377000440746
crossover,1018,4,344.772417675243,73.9396096409328
crossover,1018,5,397.4264950130102,68.13087474588175
crossover,1018,6,3710.5212561221147,207.716001547502
crossover,1018,7,3710.5212561221147,314.89939171000543
crossover,1018,8,3710.5212561221147,372.51761961530053
crossover,1018,9,4948.887786634226,589.9146097330856
crossover,1018,10,5021.992563116493,1127.8728284861554
crossover,1018,11,5021.992563116493,1225.2376249816268
crossover,1018,12,5059.663007280025,1301.2501593306247
crossover,1018,13,5059.663007280025,1132.5496749075041
crossover,1018,14,5130.685817317072,1337.7805695868553
crossover,1018,15,5130.685817317072,1805.1015573115822
crossover,1018,16,5142.439070776835,1615.4564676601797
crossover,1018,17,5142.439070776835,1533.030811092705
crossover,1018,18,5142.439070776835,1514.7077522643622
crossover,1018,19,5142.439070776835,1366.8975095198466
crossover,1019,0,97.92825896327952,6.750006156694483
crossover,1019,1,115.8040838626281,12.595680994418602
crossover,1019,2,345.6158405406957,39.692720152487155
crossover,1019,3,345.6158405406957,52.93457512342077
crossover,1019,4,5122.292778708832,230.53969773397498
crossover,1019,5,5170.394677582712,511.62010152387876
crossover,1019,6,5170.394677582712,557.9229769446321
crossover,1019,7,5199.703716557702,1180.7073491532371
crossover,1019,8,5199.703716557702,1097.4180694135223
crossover,1019,9,5199.703716557702,1487.258777428255
crossover,1019,10,5199.703716557702,1541.6171832801344
crossover,1019,11,5200.5506671258045,2170.9550922431795
crossover,1019,12,5200.5506671258045,2106.408461642518
crossover,1019,13,5214.98559396516,2057.1697972460074
crossover,1019,14,5266.754983240184,1758.995564518204
crossover,1019,15,5266.754983240184,1860.3746226747328
crossover,1019,16,5271.7018506442555,2800.5453466712434
crossover,1019,17,5271.7018506442555,3661.215443292965
crossover,1019,18,5294.619008160778,3506.767268182883
crossover,1019,19,5299.139709487778,3309.23487143471
crossover,1020,0,355.6698046271398,4.473372102554325
crossover,1020,1,355.6698046271398,26.966353420402843
crossover,1020,2,355.6698046271398,44.31127902651779
crossover,1020,3,355.6698046271398,42.073230188415636
crossover,1020,4,358.1933703513009,64.59121294822631
crossover,1020,5,358.1933703513009,76.95962903303699
crossover,1020,6,358.333623466264,82.82698306670753
crossover,1020,7,835.3074221627397,118.29098862339194
crossover,1020,8,841.7646045646501,176.8147405506588
crossover,1020,9,5173.594295566059,661.8072066684896
crossover,1020,10,5173.594295566059,1489.911598960725
crossover,1020,11,5173.594295566059,1888.502535289171
crossover,1020,12,5173.594295566059,1590.7540510611252
crossover,1020,13,5186.528462725036,2224.660335801787
crossover,1020,14,5191.749414059177,2569.407340024105
crossover,1020,15,5202.8944914719295,1975.8398918364621
crossover,1020,16,5202.8944914719295,2334.0244946150515
crossover,1020,17,5218.253305900349,2878.6195574782896
crossover,1020,18,5218.253305900349,2719.024432780791
crossover,1020,19,5225.393248784496,2230.2751384653197
crossover,1021,0,146.84071282882408,2.9656567446908473
crossover,1021,1,146.84071282882408,20.516382625904455
crossover,1021,2,176.22003009970567,30.982430587718092
crossover,1021,3,460.67777135710514,68.10253278510082
crossover,1021,4,460.67777135710514,81.17634023694518
crossover,1021,5,1219.9902593806714,190.5551928038284
crossover,1021,6,2017.3191653387664,316.0427659961629
crossover,1021,7,2653.799694391353,417.9403144716895
crossover,1021,8,3168.3880815902426,701.224426296353
crossover,1021,9,3168.3880815902426,618.2450463226966
crossover,1021,10,4976.205559357741,929.8549537109454
crossover,1021,11,4976.205559357741,808.9739150580659
crossover,1021,12,4976.205559357741,1263.6898517245252
crossover,1021,13,4976.205559357741,1051.2832191140228
crossover,1021,14,4976.205559357741,1055.7471582591668
crossover,1021,15,4991.699220694383,1519.9958069836646
crossover,1021,16,4991.699220694383,1094.9719418573525
crossover,1021,17,4991.699220694383,1263.8692725475514
crossover,1021,18,4991.699220694383,1128.012384455662
crossover,1021,19,5028.545288095856,1479.8202065160342
crossover,1022,0,64.07434103580519,1.907247165447676
crossover,1022,1,146.24449921385983,16.041801317147467
crossover,1022,2,208.7212833548645,32.56606714839449
crossover,1022,3,208.7212833548645,49.185503709798496
crossover,1022,4,345.650214539541,70.16482457904007
crossover,1022,5,360.6454233645936,91.44321489687184
crossover,1022,6,660.7454768424757,127.77620104081015
crossover,1022,7,5132.713282937609,708.3042105321421
crossover,1022,8,5203.112115213131,1160.2733868779128
crossover,1022,9,5203.112115213131,1609.347039443959
crossover,1022,10,5219.764839227713,2562.847725849354
crossover,1022,11,5219.764839227713,2424.7141087490427
crossover,1022,12,5237.3179807770775,2448.5795607761306
crossover,1022,13,5237.3179807770775,2210.6984391088345
crossover,1022,14,5255.94097650751,2562.1552279829534
crossover,1022,15,5255.94097650751,1599.8275030748364
crossover,1022,16,5255.94097650751,2209.5574543926396
crossover,1022,17,5255.94097650751,2203.455043955301
crossover,1022,18,5255.94097650751,2423.7795335729743
crossover,1022,19,5255.94097650751,1820.66310395816
crossover,1023,0,114.6295111243315,5.333949748264414
crossover,1023,1,146.37938409259613,24.507642347166687
crossover,1023,2,354.79160789489185,38.284151852555816
crossover,1023,3,357.0673126888034,97.79188180390015
crossover,1023,4,391.91278362171596,153.96154555312484
crossover,1023,5,2704.8371459789932,292.2133548959782
crossover,1023,6,2704.8371459789932,265.7610077518939
crossover,1023,7,2704.8371459789932,281.1731422238713
crossover,1023,8,2704.8371459789932,380.40635199144975
crossover,1023,9,2704.8371459789932,436.1726498185558
crossover,1023,10,2704.8371459789932,438.0396696097049
crossover,1023,11,2886.9430250276814,608.186509558521
crossover,1023,12,3175.1304757873886,674.3755501623239
crossover,1023,13,3175.1304757873886,464.6623386084206
crossover,1023,14,3175.1304757873886,483.7583395468854
crossover,1023,15,3175.1304757873886,661.2681142725252
crossover,1023,16,3317.348158301636,615.7865945740394
crossover,1023,17,5011.260382568584,618.432854628027
crossover,1023,18,5011.260382568584,671.5774296941488
crossover,1023,19,5011.260382568584,777.3083649404069
crossover,1024,0,142.80590211823923,7.991512950195189
crossover,1024,1,382.19564842378844,31.27472280217065
crossover,1024,2,382.19564842378844,42.43208045528585
crossover,1024,3,391.39703932596115,78.5084901305824
crossover,1024,4,391.53476824507226,129.0767308617756
crossover,1024,5,426.2894628989455,279.34978081570137
crossover,1024,6,2735.9979658853413,314.53984097622055
crossover,1024,7,4950.576701259891,418.79430984524095
crossover,1024,8,4950.576701259891,443.4367185305215
crossover,1024,9,5001.774105262556,625.7268064087227
crossover,1024,10,5016.653515678565,903.0353371212024
crossover,1024,11,5016.653515678565,943.339087564455
crossover,1024,12,5016.653515678565,1312.4863806014375
crossover,1024,13,5016.653515678565,1512.4964088304882
crossover,1024,14,5026.62749999952,1538.239549419029
crossover,1024,15,5026.62749999952,1910.471947943833
crossover,1024,16,5026.62749999952,1425.8008685505497
crossover,1024,17,5026.62749999952,1192.3125893051235
crossover,1024,18,5026.62749999952,1653.4759999102312
crossover,1024,19,5026.62749999952,2191.223213021472
crossover,1025,0,408.0544671846355,16.09902199915744
crossover,1025,1,408.0544671846355,39.375436954795255
crossover,1025,2,408.0544671846355,54.585177822814224
crossover,1025,3,408.0544671846355,78.28575998557137
crossover,1025,4,408.0544671846355,91.71329830690388
crossover,1025,5,2643.7648991174055,190.61895884003513
crossover,1025,6,5206.077297383487,620.1974288222544
crossover,1025,7,5232.0772635470985,1433.6123881167355
crossover,1025,8,5232.0772635470985,1570.1107889692703
crossover,1025,9,5233.748682373061,3071.9080580004074
crossover,1025,10,5261.966367036652,2488.675054231622
crossover,1025,11,5261.966367036652,2466.31522948646
crossover,1025,12,5261.966367036652,2653.6488850615524
crossover,1025,13,5282.341495905798,3546.598735223479
crossover,1025,14,5283.944547882517,2233.4566255798964
crossover,1025,15,5285.283952585745,2699.9035501695425
crossover,1025,16,5285.283952585745,2838.3395687972047
crossover,1025,17,5300.9811312241045,2874.438312752047
crossover,1025,18,5300.9811312241045,2018.585701741116
crossover,1025,19,5307.749550354337,2741.338503077113
crossover,1026,0,129.04664072407317,16.08248387365679
crossover,1026,1,215.85720961800547,33.127091489304895
crossover,1026,2,215.85720961800547,54.6239577738146
crossover,1026,3,397.1151656111056,82.63173695655215
crossover,1026,4,397.1151656111056,87.21303500142633
crossover,1026,5,397.1151656111056,129.74579399476175
crossover,1026,6,487.32632012297756,147.87612053659709
crossover,1026,7,491.5730410325666,222.86829322908125
crossover,1026,8,491.5730410325666,230.86460151752308
crossover,1026,9,493.0948342076092,272.71843119088174
crossover,1026,10,493.0948342076092,259.65789126011276
crossover,1026,11,811.2657172002226,242.46999502115884
crossover,1026,12,823.4064628707603,259.8805973125513
crossover,1026,13,823.4064628707603,298.03346070537515
crossover,1026,14,823.4064628707603,306.91400284748823
crossover,1026,15,823.4064628707603,334.7082636268564
crossover,1026,16,5051.797436170619,612.5930213158513
crossover,1026,17,5051.797436170619,1004.3820050700615
crossover,1026,18,5051.797436170619,866.5516548463745
crossover,1026,19,5066.215771146179,989.7846058887893
crossover,1027,0,120.6180939603717,2.9225188335853076
crossover,1027,1,122.06501979077552,33.05299054382739
crossover,1027,2,146.88618320659617,51.34263713096251
crossover,1027,3,150.33898446640015,57.679390160903445
crossover,1027,4,150.33898446640015,47.67130693812705
crossover,1027,5,150.33898446640015,61.374993357621435
crossover,1027,6,150.33898446640015,57.06844592493968
crossover,1027,7,150.33898446640015,61.45119328206407
crossover,1027,8,150.33898446640015,67.42971256207115
crossover,1027,9,150.365003683295,58.46784328805712
crossover,1027,10,176.83009757977752,92.53851958614142
crossover,1027,11,176.83009757977752,107.98698862472365
crossover,1027,12,225.8519293740973,134.83096915832857
crossover,1027,13,225.91954202179693,162.89755637482534
crossover,1027,14,232.72329755711726,162.58537242304314
crossover,1027,15,232.72329755711726,174.20654967941456
crossover,1027,16,264.2219664100704,184.16769600834945
crossover,1027,17,362.03458285702663,205.53536859130222
crossover,1027,18,791.8248670934807,237.75408330142164
crossover,1027,19,5188.357078780239,609.9954703609533
crossover,1028,0,117.9438336818753,2.0428863336847027
crossover,1028,1,145.84627643711295,40.20852431155921
crossover,1028,2,145.89525700554915,59.51446012787589
crossover,1028,3,145.89525700554915,73.02728601861041
crossover,1028,4,146.13040902479975,78.43552372202846
crossover,1028,5,147.5195327497918,87.5291530383938
crossover,1028,6,148.2680286018411,131.70573230317072
crossover,1028,7,351.02365088145297,139.41780500179772
crossover,1028,8,351.02365088145297,131.57346862223176
crossover,1028,9,351.02365088145297,124.51407759581744
crossover,1028,10,352.1232289560745,130.09260243411273
crossover,1028,11,353.4109109973001,144.62923182529047
crossover,1028,12,390.19320493843924,165.9290261479355
crossover,1028,13,399.0745096264082,193.70871965081605
crossover,1028,14,5107.642213144113,540.5163931348919
crossover,1028,15,5107.642213144113,1300.6375658327468
crossover,1028,16,5119.6193764754935,1314.1523698390015
crossover,1028,17,5119.6193764754935,1087.1844584264243
crossover,1028,18,5119.6193764754935,1640.7832043080207
crossover,1028,19,5128.458506265277,1757.6960466540966
crossover,1029,0,142.50273009503198,5.885196260738442
crossover,1029,1,339.9679365771103,20.687850086356836
crossover,1029,2,339.9679365771103,44.792778620558096
crossover,1029,3,339.9679365771103,49.907443273489456
crossover,1029,4,339.9679365771103,45.669615512296765
crossover,1029,5,339.9679365771103,54.04580839468
crossover,1029,6,339.9679365771103,68.50434972370859
crossover,1029,7,339.9679365771103,45.152801828259236
crossover,1029,8,339.9679365771103,67.05518022679196
crossover,1029,9,339.9679365771103,64.05790172285283
crossover,1029,10,339.9679365771103,55.84562162780513
crossover,1029,11,339.9679365771103,53.692350625174605
crossover,1029,12,346.71074489286116,91.56729177095778
crossover,1029,13,346.71074489286116,106.42668555334376
crossover,1029,14,383.77153229829673,120.42161582612795
crossover,1029,15,383.77153229829673,102.66063990537766
crossover,1029,16,383.77153229829673,134.48835302680106
crossover,1029,17,383.77153229829673,126.99499686920862
crossover,1029,18,383.77153229829673,83.76328999459368
crossover,1029,19,383.77153229829673,106.73084743164428
mutation_only,2000,0,112.81120749923865,14.036335112515845
mutation_only,2000,1,323.5673989074813,62.698117686481915
mutation_only,2000,2,3277.4940097697763,186.90633569885443
mutation_only,2000,3,3277.4940097697763,380.7369713171711
mutation_only,2000,4,3277.4940097697763,446.0833441666137
mutation_only,2000,5,3277.4940097697763,781.1628144681008
mutation_only,2000,6,3277.4940097697763,726.0292070416087
mutation_only,2000,7,3349.495669362178,954.3015262315923
mutation_only,2000,8,3617.4971014882854,1062.6369994038619
mutation_only,2000,9,3690.948090630815,1226.2192657782791
mutation_only,2000,10,3690.948090630815,1459.828182538353
mutation_only,2000,11,4927.535153844023,1466.634275156132
mutation_only,2000,12,4932.73647999366,1172.111582036384
mutation_only,2000,13,4932.73647999366,1044.5638657602892
mutation_only,2000,14,4932.73647999366,1178.6215681400463
mutation_only,2000,15,4939.29543079128,1121.5570254871373
mutation_only,2000,16,4939.29543079128,1247.342159270185
mutation_only,2000,17,4943.705817293854,1720.7964445683672
mutation_only,2000,18,4943.705817293854,1664.6994630806266
mutation_only,2000,19,4943.705817293854,1888.9528930583529
mutation_only,2001,0,105.67003131263574,-1.090998460937012
mutation_only,2001,1,120.69682198491694,36.09145364570884
mutation_only,2001,2,283.4170291470136,92.08410681846043
mutation_only,2001,3,3475.1481500432424,295.734823473081
mutation_only,2001,4,3475.1481500432424,551.3559365813506
mutation_only,2001,5,3688.250482210888,723.3193013029897
mutation_only,2001,6,5003.45560141159,1050.7865386574413
mutation_only,2001,7,5015.753378224047,1077.4483325921647
mutation_only,2001,8,5023.922465157457,1867.6228738964753
mutation_only,2001,9,5031.945964095021,1495.89207848985
mutation_only,2001,10,5061.6642654379975,2420.4049917081056
mutation_only,2001,11,5061.6642654379975,1668.3273672270625
mutation_only,2001,12,5078.026426969808,1874.573116167125
mutation_only,2001,13,5107.741394687302,2577.813057879591
mutation_only,2001,14,5107.741394687302,2352.753040740788
mutation_only,2001,15,5107.741394687302,2297.9663595876123
mutation_only,2001,16,5107.741394687302,1453.9726733867733
mutation_only,2001,17,5112.917697003335,1553.6771536028157
mutation_only,2001,18,5112.917697003335,1677.4565161755486
mutation_only,2001,19,5169.64519356754,1995.0098639091357
mutation_only,2002,0,118.136980952914,9.995794957137543
mutation_only,2002,1,144.6106016829853,57.81147353744948
mutation_only,2002,2,352.74798682017354,110.81613856414995
mutation_only,2002,3,358.41339568487547,169.4623623112324
mutation_only,2002,4,445.57044889521916,251.18964878202507
mutation_only,2002,5,450.36764980460674,253.98723604662212
mutation_only,2002,6,450.36764980460674,255.06864512987528
mutation_only,2002,7,3473.886821568741,370.4573359262355
mutation_only,2002,8,3473.886821568741,342.7650633015228
mutation_only,2002,9,3695.213041402928,436.49144362849785
mutation_only,2002,10,4943.68754149979,663.0239436136096
mutation_only,2002,11,4976.240975363223,972.75213693347
mutation_only,2002,12,4976.240975363223,1061.2020976865554
mutation_only,2002,13,4976.240975363223,851.2364128179536
mutation_only,2002,14,4976.240975363223,1092.7022284378036
mutation_only,2002,15,4976.240975363223,1019.3455845406261
mutation_only,2002,16,4976.240975363223,1362.0589256650794
mutation_only,2002,17,4976.240975363223,1765.1532109423297
mutation_only,2002,18,4976.240975363223,1827.9253733817266
mutation_only,2002,19,4976.240975363223,1862.789552603543
mutation_only,2003,0,114.74369865009349,-10.849246245793154
mutation_only,2003,1,115.84132335444328,16.6500363948747
mutation_only,2003,2,145.9144750546162,50.822791187343526
mutation_only,2003,3,147.02146498958336,111.68377016020497
mutation_only,2003,4,148.08212502924022,115.66309115843272
mutation_only,2003,5,148.240973160119,126.00561554440914
mutation_only,2003,6,148.57985694516466,119.44931708056379
mutation_only,2003,7,148.64589377684223,116.12563328979763
mutation_only,2003,8,148.75148950235663,132.12535420612036
mutation_only,2003,9,341.7269634190131,143.0639696342982
mutation_only,2003,10,341.7269634190131,136.6561172343573
mutation_only,2003,11,353.59814850325574,143.7275023924713
mutation_only,2003,12,356.0343805873292,190.48885641227366
mutation_only,2003,13,359.54701413342787,205.44887042241885
mutation_only,2003,14,360.25453210642405,240.3122101530613
mutation_only,2003,15,361.5601878043008,282.5078132483665
mutation_only,2003,16,387.2431272695122,266.30166597741623
mutation_only,2003,17,400.4253136384532,296.06123768584763
mutation_only,2003,18,5032.889910898311,459.82925243763003
mutation_only,2003,19,5047.781958433489,1277.7069884491368
mutation_only,2004,0,353.17390599957344,10.680675519203012
mutation_only,2004,1,386.3605401075722,82.25533940922243
mutation_only,2004,2,386.3605401075722,146.12081292563627
mutation_only,2004,3,5073.109144046115,434.69881085869656
mutation_only,2004,4,5128.439637867941,787.689626501694
mutation_only,2004,5,5147.7477111574635,1639.546243496347
mutation_only,2004,6,5147.7477111574635,1400.881480390346
mutation_only,2004,7,5163.391794073072,1482.4313890936285
mutation_only,2004,8,5163.391794073072,2059.01851905939
mutation_only,2004,9,5163.391794073072,1837.3367495881678
mutation_only,2004,10,5191.95879823164,1994.1590085339637
mutation_only,2004,11,5191.95879823164,1904.8444642594911
mutation_only,2004,12,5194.473982564171,1769.0552268207498
mutation_only,2004,13,5202.238453375233,2260.8635994645138
mutation_only,2004,14,5207.69742903443,2174.888002296191
mutation_only,2004,15,5212.344744029816,1716.9062121392647
mutation_only,2004,16,5214.73803335659,2151.8158803305478
mutation_only,2004,17,5214.73803335659,1064.9730534089092
mutation_only,2004,18,5214.73803335659,1922.062690769835
mutation_only,2004,19,5225.938243201943,1798.4845010266724
mutation_only,2005,0,389.645897157848,22.691214407410527
mutation_only,2005,1,390.46066707301395,83.67070623959086
mutation_only,2005,2,394.7658476846079,197.16995167287078
mutation_only,2005,3,397.59309249049824,257.40781156800705
mutation_only,2005,4,397.59309249049824,236.92189591990942
mutation_only,2005,5,5085.185840574976,424.0334294051262
mutation_only,2005,6,5085.185840574976,457.4957429450253
mutation_only,2005,7,5093.7553694645885,765.246953336253
mutation_only,2005,8,5093.7553694645885,700.3919199485017
mutation_only,2005,9,5093.7553694645885,1476.9059957887791
mutation_only,2005,10,5093.7553694645885,1112.9985476313695
mutation_only,2005,11,5093.7553694645885,857.2694890158391
mutation_only,2005,12,5093.7553694645885,1491.587601473363
mutation_only,2005,13,5093.7553694645885,1493.496703990506
mutation_only,2005,14,5105.948625514443,1234.5000303250656
mutation_only,2005,15,5127.829814301967,1146.0625755296162
mutation_only,2005,16,5212.490864571922,1968.9580242958793
mutation_only,2005,17,5212.787364152193,1917.8354942466399
mutation_only,2005,18,5235.60683775756,2519.0741613061978
mutation_only,2005,19,5254.719969896875,3155.31315134555
mutation_only,2006,0,146.86777647842564,-2.0166122941875573
mutation_only,2006,1,146.87415754034978,35.75848654590123
mutation_only,2006,2,147.6236715473892,77.9189514991521
mutation_only,2006,3,147.6236715473892,107.18324928433996
mutation_only,2006,4,148.48634162535424,105.28141781316116
mutation_only,2006,5,148.48634162535424,117.77078205342808
mutation_only,2006,6,148.48634162535424,122.83097911690456
mutation_only,2006,7,148.59437237192316,117.19201685397842
mutation_only,2006,8,148.86764268887964,110.43766405034404
mutation_only,2006,9,149.37697099769338,106.5724425118304
mutation_only,2006,10,361.8788843766641,133.62168329858454
mutation_only,2006,11,383.316433181983,182.2865680371605
mutation_only,2006,12,401.8995637887845,262.97532594748407
mutation_only,2006,13,401.8995637887845,305.951108382485
mutation_only,2006,14,2450.818197556994,354.8644209579428
mutation_only,2006,15,2450.818197556994,413.5225702797582
mutation_only,2006,16,4967.209433367931,840.3315406621864
mutation_only,2006,17,5081.926922963854,1677.0575544563073
mutation_only,2006,18,5130.310157623956,2242.754938241762
mutation_only,2006,19,5130.310157623956,2426.210627654177
mutation_only,2007,0,142.96798347798926,7.9802700011837295
mutation_only,2007,1,355.032651562881,69.27465550248459
mutation_only,2007,2,395.9989978187676,140.3417675439285
mutation_only,2007,3,395.9989978187676,207.12252061518453
mutation_only,2007,4,399.2707654583914,291.9544634342621
mutation_only,2007,5,403.1308666926297,305.6207537907566
mutation_only,2007,6,406.84756105336197,310.03122665617946
mutation_only,2007,7,407.5685741058306,300.86577121809694
mutation_only,2007,8,407.5685741058306,306.1125961111874
mutation_only,2007,9,409.1493688734029,267.2661237979671
mutation_only,2007,10,416.27288879505664,299.22485761935314
mutation_only,2007,11,416.27288879505664,261.7347292972821
mutation_only,2007,12,416.27288879505664,318.8179884436639
mutation_only,2007,13,417.63763434545757,241.27006218965815
mutation_only,2007,14,417.63763434545757,250.0947777293239
mutation_only,2007,15,417.63763434545757,247.8130992826884
mutation_only,2007,16,417.63763434545757,282.04547141573886
mutation_only,2007,17,417.63763434545757,296.7464901674882
mutation_only,2007,18,417.63763434545757,288.5317569886041
mutation_only,2007,19,419.0326881398898,275.0533479946519
mutation_only,2008,0,147.87424095579223,5.248731975583703
mutation_only,2008,1,147.87424095579223,45.35394874311907
mutation_only,2008,2,149.2382654204065,79.0612569525256
mutation_only,2008,3,149.2382654204065,109.79883611551716
mutation_only,2008,4,149.99985776482066,110.51547689833976
mutation_only,2008,5,149.99985776482066,125.26945795420212
mutation_only,2008,6,149.99985776482066,126.27483914615841
mutation_only,2008,7,149.99985776482066,115.32921119113749
mutation_only,2008,8,150.07448014129068,108.71983179080625
mutation_only,2008,9,150.07448014129068,101.02541326023346
mutation_only,2008,10,150.07448014129068,117.86254074217527
mutation_only,2008,11,150.07448014129068,110.79044478215579
mutation_only,2008,12,150.21668242336622,104.35599580447767
mutation_only,2008,13,150.21668242336622,107.60325881152522
mutation_only,2008,14,150.21668242336622,122.35559876116157
mutation_only,2008,15,150.2677996630685,114.44089108660634
mutation_only,2008,16,150.2677996630685,116.77182384112477
mutation_only,2008,17,150.48361231900572,102.40396021464821
mutation_only,2008,18,150.48361231900572,110.15501750371408
mutation_only,2008,19,150.48361231900572,112.15490340078462
mutation_only,2009,0,349.1736457459271,11.333112766295553
mutation_only,2009,1,368.93924599200824,94.73521828028372
mutation_only,2009,2,792.3171901961433,261.1810327589886
mutation_only,2009,3,5001.04969588834,506.615806335039
mutation_only,2009,4,5001.04969588834,528.2725120261128
mutation_only,2009,5,5016.448931971413,1072.0475082435034
mutation_only,2009,6,5016.448931971413,1414.0887899713478
mutation_only,2009,7,5025.703923738591,926.9534216920416
mutation_only,2009,8,5025.703923738591,1031.85250672524
mutation_only,2009,9,5025.703923738591,1098.722805257063
mutation_only,2009,10,5028.715277768724,1342.366767788125
mutation_only,2009,11,5065.742875339092,1947.0067199856526
mutation_only,2009,12,5065.742875339092,2358.912658628391
mutation_only,2009,13,5065.742875339092,1450.3475138858003
mutation_only,2009,14,5078.455129866301,1580.7063554110628
mutation_only,2009,15,5085.777227132818,2235.194496773601
mutation_only,2009,16,5087.028892092616,3281.524618311612
mutation_only,2009,17,5095.899192411289,2776.5512633082544
mutation_only,2009,18,5100.842332326483,2679.8292348716336
mutation_only,2009,19,5100.842332326483,3698.246370398754
mutation_only,2010,0,147.59101963068176,11.712155686525223
mutation_only,2010,1,147.88881912032227,62.29516098203156
mutation_only,2010,2,148.3434586474689,114.40886281100775
mutation_only,2010,3,148.52110348545855,140.60116884644484
mutation_only,2010,4,149.2732139863816,135.48677075954518
mutation_only,2010,5,176.8780734617532,138.84074896149488
mutation_only,2010,6,362.80864644970575,171.6195125521864
mutation_only,2010,7,362.80864644970575,209.82419015992
mutation_only,2010,8,399.5401095665157,267.36439562963415
mutation_only,2010,9,402.8711248191942,331.10101260363643
mutation_only,2010,10,823.0849470600389,338.3102010676843
mutation_only,2010,11,5084.184116228688,518.9616348130564
mutation_only,2010,12,5084.2771432203435,798.0572321262063
mutation_only,2010,13,5084.2771432203435,1112.7993991777585
mutation_only,2010,14,5088.438790725122,1513.4957112795387
mutation_only,2010,15,5106.067271747106,1558.8707530264162
mutation_only,2010,16,5106.067271747106,1786.7790344755742
mutation_only,2010,17,5106.067271747106,2473.983757613562
mutation_only,2010,18,5114.583386503442,1678.7180282701022
mutation_only,2010,19,5114.583386503442,1423.0998402258037
mutation_only,2011,0,342.71335979119556,12.448636975115177
mutation_only,2011,1,356.9933563557576,70.70148158444074
mutation_only,2011,2,356.9933563557576,129.27443438818554
mutation_only,2011,3,389.03767743601645,184.3320979826776
mutation_only,2011,4,394.7760015603361,181.7030181554179
mutation_only,2011,5,394.7760015603361,205.86271068085944
mutation_only,2011,6,1192.1419295303374,283.5096115521045
mutation_only,2011,7,2268.865392396271,393.41632908105055
mutation_only,2011,8,4987.698366623092,509.99643197819074
mutation_only,2011,9,4987.698366623092,514.2655695414766
mutation_only,2011,10,4987.698366623092,853.754616417909
mutation_only,2011,11,4987.698366623092,695.8333378714912
mutation_only,2011,12,5013.329267289306,1040.6826820436854
mutation_only,2011,13,5013.329267289306,1142.2568211307123
mutation_only,2011,14,5013.329267289306,1562.5543238276807
mutation_only,2011,15,5064.5131525401475,1264.4974765921588
mutation_only,2011,16,5064.5131525401475,1160.3930747555594
mutation_only,2011,17,5064.5131525401475,1399.1930603587605
mutation_only,2011,18,5096.432266854178,1288.674126833868
mutation_only,2011,19,5105.507989379416,1643.7867625690908
mutation_only,2012,0,222.05922427491882,8.662045734008732
mutation_only,2012,1,466.0751820305527,50.55299448789478
mutation_only,2012,2,466.0751820305527,107.03925591806001
mutation_only,2012,3,482.5479695483003,207.4722961786224
mutation_only,2012,4,4931.190569534077,398.4142105490461
mutation_only,2012,5,4964.655016527192,610.7929309490809
mutation_only,2012,6,4972.936626900298,882.3075494069745
mutation_only,2012,7,4972.936626900298,819.5168824199219
mutation_only,2012,8,4975.234060134046,1148.527182142671
mutation_only,2012,9,4975.234060134046,1411.3285514434995
mutation_only,2012,10,4975.234060134046,1292.9871770984619
mutation_only,2012,11,4975.234060134046,1492.0797633607249
mutation_only,2012,12,4981.0282316133635,1191.2028199708948
mutation_only,2012,13,4981.0282316133635,1053.8733290723542
mutation_only,2012,14,4981.0282316133635,1255.9781886153273
mutation_only,2012,15,5007.425260487914,1640.862269434889
mutation_only,2012,16,5007.425260487914,1323.9049462323617
mutation_only,2012,17,5007.425260487914,2258.229183552467
mutation_only,2012,18,5007.425260487914,1867.803835865123
mutation_only,2012,19,5007.425260487914,1538.4279831165445
mutation_only,2013,0,63.8143008479727,3.3063053618254497
mutation_only,2013,1,105.70396894687963,36.44030196958604
mutation_only,2013,2,337.08820120104525,69.91418653449749
mutation_only,2013,3,337.08820120104525,103.49920848980696
mutation_only,2013,4,387.5273324604251,160.1215861764317
mutation_only,2013,5,3694.4641269837343,322.038660074639
mutation_only,2013,6,3694.4641269837343,403.6081023256543
mutation_only,2013,7,3694.4641269837343,596.6641210964062
mutation_only,2013,8,5057.329780402133,877.9853592106314
mutation_only,2013,9,5103.690040351919,1593.8398095619614
mutation_only,2013,10,5107.132045458025,1920.8101242381024
mutation_only,2013,11,5113.6697001447465,2542.28206396369
mutation_only,2013,12,5114.336042333496,2186.908186395919
mutation_only,2013,13,5115.02599289171,2424.445086844588
mutation_only,2013,14,5119.102956805585,2272.9510474815725
mutation_only,2013,15,5119.102956805585,1840.3075738808764
mutation_only,2013,16,5119.416436351071,2416.821255609939
mutation_only,2013,17,5121.476249888,2677.925824352655
mutation_only,2013,18,5121.476249888,2009.6007036564447
mutation_only,2013,19,5121.476249888,2107.5906514211615
mutation_only,2014,0,115.26636779825667,-1.2057198393443391
mutation_only,2014,1,115.99593881799647,30.492713524585213
mutation_only,2014,2,147.42237506150812,79.77001244054965
mutation_only,2014,3,149.25616442211196,106.59340475838864
mutation_only,2014,4,354.3644404916313,129.4525957684045
mutation_only,2014,5,354.3644404916313,149.4153535612481
mutation_only,2014,6,357.8850817330368,208.7664771041087
mutation_only,2014,7,357.8850817330368,270.3850492288535
mutation_only,2014,8,359.3984167156582,262.165655896334
mutation_only,2014,9,382.4473222667166,254.01187475736108
mutation_only,2014,10,391.56737514750705,257.56512159405605
mutation_only,2014,11,480.0725043070898,279.10968264342733
mutation_only,2014,12,3260.482784626504,402.38420070716234
mutation_only,2014,13,3260.482784626504,410.47902957037127
mutation_only,2014,14,3432.0395865244786,655.9099946274395
mutation_only,2014,15,5014.510700636846,922.14422165226
mutation_only,2014,16,5063.514043767929,1384.0125744165862
mutation_only,2014,17,5063.514043767929,1758.3612094509563
mutation_only,2014,18,5063.514043767929,1776.6499783418897
mutation_only,2014,19,5092.474008708217,1923.7615493512878
mutation_only,2015,0,181.37981505075555,6.214441683359747
mutation_only,2015,1,181.37981505075555,48.713612718157265
mutation_only,2015,2,393.77517448670164,129.3123995499417
mutation_only,2015,3,3148.8644944680605,369.76126172431134
mutation_only,2015,4,3233.138563105967,845.7811249632284
mutation_only,2015,5,4929.315716145258,1282.3365639170277
mutation_only,2015,6,5038.228458618936,1811.0145213400867
mutation_only,2015,7,5085.41620407016,1843.2010884080655
mutation_only,2015,8,5165.310608476063,2612.1466022115537
mutation_only,2015,9,5210.241775644713,3124.1800199151235
mutation_only,2015,10,5254.568804200021,4069.272402912318
mutation_only,2015,11,5262.29590037338,4227.724172164153
mutation_only,2015,12,5274.929447595582,3003.151036621553
mutation_only,2015,13,5274.929447595582,2589.388060576122
mutation_only,2015,14,5274.929447595582,2734.1781300405955
mutation_only,2015,15,5279.999808704769,2342.783370498603
mutation_only,2015,16,5279.999808704769,3050.314782516035
mutation_only,2015,17,5280.146779186355,2741.118732343804
mutation_only,2015,18,5280.146779186355,2418.14993588175
mutation_only,2015,19,5280.757040080062,2628.023313524568
mutation_only,2016,0,141.48324637982478,0.6562679112049785
mutation_only,2016,1,350.6157760716523,62.22849386719794
mutation_only,2016,2,383.0984691075417,165.375453497913
mutation_only,2016,3,440.49443417805196,238.8856534521455
mutation_only,2016,4,441.0315112318235,209.94796129878023
mutation_only,2016,5,826.918172539717,282.9270113754157
mutation_only,2016,6,5127.6264602689735,490.19138322006836
mutation_only,2016,7,5127.6264602689735,1116.8626110643113
mutation_only,2016,8,5133.719872402055,2103.289375583127
mutation_only,2016,9,5133.719872402055,1895.1672736956523
mutation_only,2016,10,5146.334349962869,1799.256086468604
mutation_only,2016,11,5147.844084160678,2239.8525323656063
mutation_only,2016,12,5147.844084160678,2000.1053258468244
mutation_only,2016,13,5148.0204392636115,2002.072217180113
mutation_only,2016,14,5156.079754125269,1776.7815886240896
mutation_only,2016,15,5164.330856142975,1835.4879555974178
mutation_only,2016,16,5175.247628299228,2146.5700646204245
mutation_only,2016,17,5222.071006237507,2352.7322607039923
mutation_only,2016,18,5222.071006237507,1572.1973762316725
mutation_only,2016,19,5222.711177170055,1655.1037363058324
mutation_only,2017,0,117.4868026520341,1.4614276340612946
mutation_only,2017,1,121.14399763581594,39.47330142100896
mutation_only,2017,2,121.30242311366291,75.89232667106805
mutation_only,2017,3,124.01581896029757,89.5718528084802
mutation_only,2017,4,125.87158756934471,83.91755258831424
mutation_only,2017,5,146.2242481486529,104.30085253587494
mutation_only,2017,6,148.56582855201808,116.50887174065467
mutation_only,2017,7,348.32214615526675,121.64399880575763
mutation_only,2017,8,348.32214615526675,118.93396068522662
mutation_only,2017,9,384.98690352790567,127.57315652065827
mutation_only,2017,10,386.81213415592515,181.8692165494121
mutation_only,2017,11,473.58682058489563,255.31839616803111
mutation_only,2017,12,473.58682058489563,207.61858264032404
mutation_only,2017,13,473.58682058489563,205.2498150702365
mutation_only,2017,14,473.58682058489563,216.39664911401022
mutation_only,2017,15,473.58682058489563,236.92045618377347
mutation_only,2017,16,822.9762128520704,272.35950684151106
mutation_only,2017,17,825.4859970966163,296.6856902271663
mutation_only,2017,18,4999.21741586594,606.2737397541661
mutation_only,2017,19,4999.21741586594,864.5968296801991
mutation_only,2018,0,147.39922459784384,14.577000793217989
mutation_only,2018,1,148.2240486772726,83.67414584526311
mutation_only,2018,2,148.87781177025244,117.83675716427318
mutation_only,2018,3,149.7587047711265,125.24848072797764
mutation_only,2018,4,149.7587047711265,129.87461423144498
mutation_only,2018,5,150.5206381268595,135.4039432319108
mutation_only,2018,6,150.5206381268595,127.54433126512033
mutation_only,2018,7,150.53586599257554,109.96773248176954
mutation_only,2018,8,150.53586599257554,119.20865158943518
mutation_only,2018,9,175.31966143583386,122.14456100441619
mutation_only,2018,10,175.83770931071942,124.32510844978702
mutation_only,2018,11,175.83770931071942,127.47204677001167
mutation_only,2018,12,176.0622602465883,132.4394501377522
mutation_only,2018,13,362.874195462927,155.55185895090284
mutation_only,2018,14,362.874195462927,168.00433754795995
mutation_only,2018,15,363.1379129014424,198.57826109706278
mutation_only,2018,16,5074.256294416175,355.39037784505905
mutation_only,2018,17,5074.256294416175,547.5917135270041
mutation_only,2018,18,5074.256294416175,915.3972199970682
mutation_only,2018,19,5074.256294416175,1434.3106146523285
mutation_only,2019,0,122.29281480489273,5.847272308896809
mutation_only,2019,1,122.31660371393946,51.94429723421418
mutation_only,2019,2,122.45613959767742,94.09071409240306
mutation_only,2019,3,360.7202482694103,105.09441757621838
mutation_only,2019,4,360.7202482694103,127.32518116807424
mutation_only,2019,5,398.11235853692216,213.89371033570697
mutation_only,2019,6,405.45359780241387,266.0932363012054
mutation_only,2019,7,5099.805699574519,442.57025622173893
mutation_only,2019,8,5099.805699574519,875.7935102728437
mutation_only,2019,9,5131.134383317197,1815.6316004394664
mutation_only,2019,10,5141.084842484228,2442.0335038596204
mutation_only,2019,11,5159.7061077791595,2947.9720677851114
mutation_only,2019,12,5189.56610199178,2617.2838932716463
mutation_only,2019,13,5189.56610199178,2522.549348888119
mutation_only,2019,14,5210.553998611398,2557.21714215167
mutation_only,2019,15,5210.553998611398,2692.306677363361
mutation_only,2019,16,5219.3036256317255,2574.161330187185
mutation_only,2019,17,5226.650907171384,3022.341065326433
mutation_only,2019,18,5235.437298380747,2957.484759817388
mutation_only,2019,19,5235.437298380747,1982.436573808921
mutation_only,2020,0,367.0705188613591,17.77308813757728
mutation_only,2020,1,388.7897961400508,76.45965418081074
mutation_only,2020,2,397.36540020878965,200.2757157387992
mutation_only,2020,3,811.9530049934357,327.3499567605374
mutation_only,2020,4,5095.506568376806,666.8550448432184
mutation_only,2020,5,5184.138630136234,1431.0511815467667
mutation_only,2020,6,5184.138630136234,2918.373113121709
mutation_only,2020,7,5184.706752438107,2617.321099715315
mutation_only,2020,8,5226.774989604443,2631.879221419021
mutation_only,2020,9,5248.3365194556945,3085.616004779761
mutation_only,2020,10,5251.337609308803,3432.110138212079
mutation_only,2020,11,5251.337609308803,2588.3616428516552
mutation_only,2020,12,5254.007946888802,2613.5199636606653
mutation_only,2020,13,5254.007946888802,2021.6228457579318
mutation_only,2020,14,5254.007946888802,2698.8437139617577
mutation_only,2020,15,5254.007946888802,2839.0277467653273
mutation_only,2020,16,5254.007946888802,2243.9833849786833
mutation_only,2020,17,5275.1007967964915,1979.034229453012
mutation_only,2020,18,5277.030055235589,2590.157809377245
mutation_only,2020,19,5277.643809211161,2561.5984336527813
mutation_only,2021,0,337.5598104694104,13.541423570496912
mutation_only,2021,1,347.85630405053286,90.194206502913
mutation_only,2021,2,353.3017870413947,190.26385883194624
mutation_only,2021,3,353.3017870413947,200.74473558934537
mutation_only,2021,4,356.35930984274654,191.2351336566653
mutation_only,2021,5,398.63052640119116,244.81938854191674
mutation_only,2021,6,516.7928479157907,264.1340199212745
mutation_only,2021,7,872.2356590284418,306.57620983121313
mutation_only,2021,8,872.486403342227,363.62274981321616
mutation_only,2021,9,5226.6539016612205,544.9447351847219
mutation_only,2021,10,5226.6539016612205,1171.5990994038405
mutation_only,2021,11,5299.155100293853,2951.0992834391504
mutation_only,2021,12,5310.085347122701,2940.219062817254
mutation_only,2021,13,5331.984087312131,3048.016521772834
mutation_only,2021,14,5338.684930081203,2655.2642764703287
mutation_only,2021,15,5350.608652150285,2971.6519100719056
mutation_only,2021,16,5350.608652150285,3007.6345672557095
mutation_only,2021,17,5357.678401066054,2661.5734215386065
mutation_only,2021,18,5359.79728035819,1900.7647902465458
mutation_only,2021,19,5370.453012384611,2190.841489850314
mutation_only,2022,0,116.61421950387579,2.0092169545159386
mutation_only,2022,1,119.0061426157366,40.62262296157703
mutation_only,2022,2,147.67208147593865,93.26956988060535
mutation_only,2022,3,147.76272084329273,91.87104901812164
mutation_only,2022,4,149.26434261512387,121.25423716614083
mutation_only,2022,5,149.26434261512387,111.85874085845988
mutation_only,2022,6,174.7706678377284,141.94443613607427
mutation_only,2022,7,176.44269248693195,138.37245434474562
mutation_only,2022,8,176.44269248693195,127.42693634728333
mutation_only,2022,9,261.4491995193468,155.07689014731093
mutation_only,2022,10,362.750872689892,139.29632647254417
mutation_only,2022,11,363.55047564457817,167.40262729363897
mutation_only,2022,12,364.78108833370055,222.35063398774832
mutation_only,2022,13,364.78108833370055,227.3644083525155
mutation_only,2022,14,364.78108833370055,233.02915131506356
mutation_only,2022,15,364.78108833370055,271.77639087650084
mutation_only,2022,16,364.8577718801232,255.9970661905406
mutation_only,2022,17,365.38439597400424,268.8590924912092
mutation_only,2022,18,365.38439597400424,223.25678499581906
mutation_only,2022,19,366.54525344830154,269.0763041895957
mutation_only,2023,0,65.83243162288915,-3.6569317288117387
mutation_only,2023,1,124.38015109355916,29.155244726052427
mutation_only,2023,2,148.7763726515289,66.63679184592411
mutation_only,2023,3,318.313929307897,109.03026734847602
mutation_only,2023,4,340.821574595294,174.45007869949976
mutation_only,2023,5,423.48909998855424,242.120522555802
mutation_only,2023,6,461.5056414238551,275.07261035640323
mutation_only,2023,7,462.4580252441678,283.95431560383804
mutation_only,2023,8,3169.1365254415996,455.3497435548078
mutation_only,2023,9,3418.3716699840047,871.2215768531404
mutation_only,2023,10,3518.8378863330577,1589.0139933304586
mutation_only,2023,11,3518.8378863330577,1599.873524964753
mutation_only,2023,12,3728.6559604009453,1707.679752692878
mutation_only,2023,13,4931.864118756803,1679.84150243885
mutation_only,2023,14,4931.864118756803,1377.4419290786886
mutation_only,2023,15,4931.864118756803,1904.2756127924247
mutation_only,2023,16,4953.813641004102,1782.693597382318
mutation_only,2023,17,4953.813641004102,1937.8871829110515
mutation_only,2023,18,4953.813641004102,2087.0487720396945
mutation_only,2023,19,4995.5912668631445,1882.225847181874
mutation_only,2024,0,88.37578805918012,0.7150589084314298
mutation_only,2024,1,92.50372736242082,23.5423367116062
mutation_only,2024,2,92.50521556366922,58.50745489195849
mutation_only,2024,3,121.59870239026284,88.33649928660546
mutation_only,2024,4,122.40075316863593,96.93128304025649
mutation_only,2024,5,123.36025655714955,106.55312656803328
mutation_only,2024,6,123.36044762565325,108.62186715159677
mutation_only,2024,7,123.36044762565325,94.24901444268106
mutation_only,2024,8,123.36044762565325,87.57362902177994
mutation_only,2024,9,123.36044762565325,89.81995036412891
mutation_only,2024,10,123.36044762565325,76.03069293046192
mutation_only,2024,11,123.36127721916327,85.84328991749143
mutation_only,2024,12,123.36127721916327,65.56828480630072
mutation_only,2024,13,123.36127721916327,76.4216853732832
mutation_only,2024,14,123.36224758015241,71.73482381664236
mutation_only,2024,15,123.36272811593263,68.30284424530595
mutation_only,2024,16,123.36272811593263,83.276254156737
mutation_only,2024,17,123.362760526881,87.55917407789133
mutation_only,2024,18,123.36299974841563,82.69800309270802
mutation_only,2024,19,123.36303771807081,83.11236323663344
mutation_only,2025,0,117.70754641955568,1.9267772783216186
mutation_only,2025,1,119.86907722080595,33.34792545819588
mutation_only,2025,2,148.10542911034406,85.66131223043695
mutation_only,2025,3,148.11808728625874,123.40625541275931
mutation_only,2025,4,148.42841556006795,134.19312450040292
mutation_only,2025,5,148.64997450270383,127.36634547118909
mutation_only,2025,6,148.64997450270383,116.88234037895818
mutation_only,2025,7,149.36439926143134,137.29211040103925
mutation_only,2025,8,173.6514250155581,130.3698783866619
mutation_only,2025,9,173.6514250155581,135.16766267880828
mutation_only,2025,10,356.9916277785151,148.94344864788533
mutation_only,2025,11,357.45264383526643,175.85850057826644
mutation_only,2025,12,360.9766363182651,228.8618752366598
mutation_only,2025,13,360.9766363182651,244.3738244398773
mutation_only,2025,14,360.9766363182651,262.0383321757816
mutation_only,2025,15,361.70085554007056,262.5538815546794
mutation_only,2025,16,362.04203801177493,250.93060388765002
mutation_only,2025,17,362.37556993879275,234.31593132057668
mutation_only,2025,18,786.3018908201692,291.9230518263714
mutation_only,2025,19,786.3018908201692,271.4328913229607
mutation_only,2026,0,62.201192737166494,1.2710318829495029
mutation_only,2026,1,312.0809937833394,46.3213020777171
mutation_only,2026,2,313.1959434028189,92.09504082591235
mutation_only,2026,3,364.3036446030973,123.7100214103175
mutation_only,2026,4,3260.655275147379,320.40356668742464
mutation_only,2026,5,3535.2958721414584,689.8970275406743
mutation_only,2026,6,5046.003763340853,1208.5939819132886
mutation_only,2026,7,5046.003763340853,1858.1697670757221
mutation_only,2026,8,5046.003763340853,2344.884626482121
mutation_only,2026,9,5063.526915845803,2163.1148563682955
mutation_only,2026,10,5122.886628011785,3216.206789058013
mutation_only,2026,11,5182.894887326459,2609.060255218549
mutation_only,2026,12,5182.894887326459,3013.195125167862
mutation_only,2026,13,5187.929978012479,2149.6385709273077
mutation_only,2026,14,5228.375310264961,3583.2284158693788
mutation_only,2026,15,5228.375310264961,2861.7331471496973
mutation_only,2026,16,5228.375310264961,2562.6829497795575
mutation_only,2026,17,5230.206763476385,2695.7237616188268
mutation_only,2026,18,5251.076345499213,2665.978225862951
mutation_only,2026,19,5251.898681150091,2472.378667761495
mutation_only,2027,0,109.29731860473599,-3.9131760389091856
mutation_only,2027,1,145.93725726772718,37.518156748086874
mutation_only,2027,2,390.6045665798241,103.41930330231058
mutation_only,2027,3,390.6045665798241,118.67435314542813
mutation_only,2027,4,394.07583530177146,164.63255054708821
mutation_only,2027,5,396.73456242849556,226.30338437083736
mutation_only,2027,6,490.8814391015994,248.85454929271546
mutation_only,2027,7,491.7497843856182,259.1025168271853
mutation_only,2027,8,491.7497843856182,330.63256635895846
mutation_only,2027,9,496.48908725443425,384.89591257152443
mutation_only,2027,10,497.4270325491049,365.3527350383856
mutation_only,2027,11,2007.5737146693716,426.8762171427859
mutation_only,2027,12,4942.201841280312,604.6968922670605
mutation_only,2027,13,4947.474551235038,872.7692659110957
mutation_only,2027,14,5076.840035174899,1803.259509363264
mutation_only,2027,15,5076.840035174899,2503.7041720069315
mutation_only,2027,16,5076.840035174899,2826.4694034068993
mutation_only,2027,17,5076.840035174899,1825.1258112836322
mutation_only,2027,18,5076.840035174899,2030.0472392947936
mutation_only,2027,19,5077.116073496672,1948.1309583519194
mutation_only,2028,0,338.96946394072756,7.448957365248783
mutation_only,2028,1,338.96946394072756,42.1444712500242
mutation_only,2028,2,346.8036224145142,141.94832089665115
mutation_only,2028,3,346.8036224145142,136.1553519846477
mutation_only,2028,4,391.1291147594268,163.66147743301693
mutation_only,2028,5,391.1291147594268,211.81297744904415
mutation_only,2028,6,391.1291147594268,213.34688600660232
mutation_only,2028,7,392.43304593009685,221.45415545255366
mutation_only,2028,8,396.8259538283559,251.11329089267534
mutation_only,2028,9,396.8259538283559,221.9765896349798
mutation_only,2028,10,814.5252961353865,251.50037938601255
mutation_only,2028,11,814.5252961353865,246.9992004418767
mutation_only,2028,12,858.6061793965712,306.10684770517076
mutation_only,2028,13,3737.3630854686676,417.86156658045076
mutation_only,2028,14,5008.216655758295,743.3115266635629
mutation_only,2028,15,5040.380910079039,890.549201768721
mutation_only,2028,16,5101.864858231603,1587.4342335202487
mutation_only,2028,17,5101.864858231603,1240.8805099293115
mutation_only,2028,18,5101.864858231603,1308.199683713036
mutation_only,2028,19,5104.752910159671,1408.8794105418833
mutation_only,2029,0,107.99989823908994,-3.9791898430373376
mutation_only,2029,1,172.79193353448844,40.38803771348816
mutation_only,2029,2,172.79193353448844,92.16181936709788
mutation_only,2029,3,173.9349861180741,126.69982842806871
mutation_only,2029,4,351.6541090550454,138.40431556547466
mutation_only,2029,5,360.80635591304747,164.35271253580368
mutation_only,2029,6,361.4710616706223,225.85771424042412
mutation_only,2029,7,387.4318096495345,235.18377860004674
mutation_only,2029,8,387.4318096495345,301.3479594137502
mutation_only,2029,9,393.5239597661058,301.8803222397882
mutation_only,2029,10,393.5239597661058,317.1990409423757
mutation_only,2029,11,393.5239597661058,260.8559492461297
mutation_only,2029,12,393.5260757495732,300.5116621677823
mutation_only,2029,13,448.66680822492185,317.4237939606101
mutation_only,2029,14,448.66680822492185,325.9067981308254
mutation_only,2029,15,827.2851801286613,322.86682711645085
mutation_only,2029,16,5006.306686474469,583.8644161662352
mutation_only,2029,17,5067.807361011673,1015.4024080130885
mutation_only,2029,18,5067.807361011673,1126.8881936078249
mutation_only,2029,19,5073.05466121113,1435.3215709247634
